AA,Codon,Posterior,0.03%,0.98%
A,GCA,-1.190836552,-1.268477499,-1.146108853
A,GCC,2.086738174,1.857697608,2.289787122
A,GCG,0.633183436,0.45387507,0.797059555
C,TGC,1.707012219,1.471716663,2.009357182
D,GAC,1.650955871,1.440780353,1.82964193
E,GAA,-2.594622164,-2.880959813,-2.321891592
F,TTC,1.271880376,1.114654961,1.435408265
G,GGA,0.07311857,-0.007947062,0.131974828
G,GGC,1.044724143,0.851254434,1.239915566
G,GGG,-0.103165635,-0.185256278,0.013967414
H,CAC,2.072753254,1.830202937,2.364893448
I,ATA,0.161510324,0.068408426,0.254005844
I,ATC,1.422266955,1.262665182,1.604819085
K,AAA,-2.705767334,-2.949117661,-2.429887084
L,CTA,0.48116647,0.386797869,0.549891334
L,CTC,2.300275417,2.15502094,2.45143195
L,CTG,1.640184868,1.394316467,1.891436882
L,CTT,0.236147381,0.14934654,0.310979937
L,TTA,-2.563082753,-2.863174637,-2.297154208
N,AAC,1.862778949,1.665522946,2.051691955
P,CCA,-1.369345215,-1.46630894,-1.289322581
P,CCC,2.632312934,2.34479923,2.849792397
P,CCG,0.49056767,0.254666541,0.599766254
Q,CAA,-2.019150572,-2.251724201,-1.788149953
R,AGA,-0.816198993,-0.922704714,-0.732728153
R,AGG,-0.106376082,-0.239731254,-0.037077038
R,CGA,-0.432546226,-0.514805266,-0.361250961
R,CGC,1.741987832,1.459217543,1.985548016
R,CGG,-0.47336069,-0.57688434,-0.3618383
S,TCA,-1.118666595,-1.201741779,-1.055746086
S,TCC,1.840216634,1.546943589,2.087208692
S,TCG,1.153024257,0.89322716,1.310734673
T,ACA,-0.921566791,-1.025067931,-0.847174213
T,ACC,2.023582578,1.846700956,2.181834561
T,ACG,0.530199987,0.411832465,0.621358064
V,GTA,-0.76849479,-0.872330661,-0.674196923
V,GTC,1.707248769,1.511064488,1.924376331
V,GTG,1.111470385,0.839360007,1.351768593
Y,TAC,1.636470787,1.426098065,1.8222969
Z,AGC,1.077299036,0.870511052,1.248225668
