AA,Codon,Posterior,0.03%,0.98%
A,GCA,-0.502415932,-0.584702209,-0.260653437
A,GCC,1.055014813,0.788526535,1.127880173
A,GCG,0.795332141,0.660669808,0.848505688
A,GCT,0,0,0
C,TGC,0.728733481,0.457716852,0.820337029
C,TGT,0,0,0
D,GAC,1.179360468,0.936447263,1.247991525
D,GAT,0,0,0
E,GAA,-1.230060239,-1.326921394,-0.85437572
E,GAG,0,0,0
F,TTC,0.788634016,0.436410279,0.892717554
F,TTT,0,0,0
G,GGA,-0.685053912,-0.859012008,-0.629492468
G,GGC,0.692191982,0.474749386,0.753117664
G,GGG,0.814652737,0.669243434,0.870552131
G,GGT,0,0,0
H,CAC,0.978317308,0.68651253,1.067808328
H,CAT,0,0,0
I,ATA,0.432604512,0.321750528,0.685110509
I,ATC,1.254541987,0.892793293,1.351571075
I,ATT,0,0,0
K,AAA,-1.37336907,-1.494417464,-0.932122464
K,AAG,0,0,0
L,CTA,0.465004789,0.386370758,0.6589853
L,CTC,0.956605961,0.586179216,1.040373273
L,CTG,0.686446541,0.44948446,0.743367274
L,CTT,0.143016042,0.056769509,0.185759357
L,TTA,-0.282586828,-0.436500354,0.303507894
L,TTG,0,0,0
N,AAC,1.166389839,0.854933739,1.259260155
N,AAT,0,0,0
P,CCA,-0.36514275,-0.685959458,-0.261880547
P,CCC,1.003347745,0.654909611,1.098444877
P,CCG,0.39144414,0.005848633,0.495998802
P,CCT,0,0,0
Q,CAA,-0.929289661,-0.984958742,-0.720625162
Q,CAG,0,0,0
R,AGA,-0.955216149,-1.040344902,-0.663731507
R,AGG,0.25449961,0.149998523,0.427322832
R,CGA,-0.919060376,-1.018152118,-0.606756397
R,CGC,1.095810912,0.864615495,1.163292339
R,CGG,0.253258296,0.174471441,0.36520179
R,CGT,0,0,0
S,TCA,-0.531012696,-0.581043927,-0.432165682
S,TCC,0.909289648,0.583705068,1.000746371
S,TCG,0.567524456,0.320833713,0.638218667
S,TCT,0,0,0
T,ACA,-0.405855311,-0.456398876,-0.299599499
T,ACC,1.311861086,0.849199593,1.42473544
T,ACG,0.808067632,0.496461451,0.868682083
T,ACT,0,0,0
V,GTA,0.430857286,0.352204236,0.634813124
V,GTC,1.178017343,0.849213183,1.260442981
V,GTG,0.620586187,0.412718296,0.667809784
V,GTT,0,0,0
Y,TAC,0.926274146,0.603865504,1.025466169
Y,TAT,0,0,0
Z,AGC,0.984329002,0.655102299,1.092871199
Z,AGT,0,0,0
