AA,Codon,Posterior,0.025%,0.975%
A,GCA,-0.572234348833561,-0.606948255002499,-0.538176989058654
A,GCC,1.10694641768932,1.07064185341199,1.14168276588122
A,GCG,0.783113295018673,0.748095581432184,0.823760448892911
C,TGC,0.788864891111851,0.740304109454155,0.835060996810595
D,GAC,1.23008872270584,1.19757397274176,1.26129663983981
E,GAA,-1.312008679986,-1.35086397329966,-1.27497217555841
F,TTC,0.886061004281044,0.844467789431413,0.931039416293303
G,GGA,-0.647806120276451,-0.682227796316147,-0.611009103059769
G,GGC,0.717681819021702,0.666247049470743,0.764253316322962
G,GGG,0.806613138914108,0.756956677138805,0.855804478625456
H,CAC,1.04381615799665,1.00166807671388,1.09150551259518
I,ATA,0.345762439519167,0.296980369836092,0.39164889032642
I,ATC,1.33969356894493,1.30144691765308,1.38229978084564
K,AAA,-1.48219398224354,-1.53186046977838,-1.43807230989138
L,CTA,0.397652877658606,0.351904531071583,0.445240117609501
L,CTC,1.02486753797531,0.993994296093782,1.06084597607454
L,CTG,0.706240676820278,0.679243661463261,0.737664816280206
L,CTT,0.150975869126618,0.121207630820572,0.177227452397346
L,TTA,-0.453067182511091,-0.507829709351063,-0.399172574778398
N,AAC,1.24576315951347,1.20319856901964,1.291514463226
P,CCA,-0.284298578947783,-0.327807411799828,-0.232539001852274
P,CCC,1.05407975816727,1.00507658223311,1.125465614597
P,CCG,0.460329274117947,0.414688389996688,0.517381444076697
Q,CAA,-0.962844461202621,-0.996602373321851,-0.931339174509048
R,AGA,-1.03434463840723,-1.07473139862219,-0.990951010584831
R,AGG,0.156100726116449,0.0873913588002324,0.210699498653412
R,CGA,-1.02080550342798,-1.06907823979855,-0.97951363325119
R,CGC,1.12491633677483,1.07988896866639,1.17346372803052
R,CGG,0.183145512580872,0.133742114156485,0.259490683178107
S,TCA,-0.565312493681908,-0.60127705981334,-0.533536553382874
S,TCC,0.973297975003719,0.930158407489459,1.0155135979255
S,TCG,0.614092745125294,0.57222962329785,0.647214932243029
T,ACA,-0.44876776278019,-0.484926540901264,-0.41146635239323
T,ACC,1.39333704864979,1.35573663314184,1.4445841729641
T,ACG,0.822513293504715,0.780287555853526,0.862382464607557
V,GTA,0.375069928377867,0.338472481817007,0.41198505461216
V,GTC,1.24742695844173,1.20894260307153,1.28668529589971
V,GTG,0.641732809901237,0.613666067520777,0.671270974477132
Y,TAC,1.00578735548258,0.960994087159634,1.05147245526314
Z,AGC,1.06008450895548,1.00944708287716,1.1142712533474
